"","health_frame","productivity_frame","moral_frame","scientific_frame","economic_frame","lifestyle_frame","technology_frame","social_frame"
"health_frame",1,0.260661331357345,0.195287759569314,0.419592033985978,0.0920499288318047,0.218841944245736,0.185447231229,0.158201775414022
"productivity_frame",0.260661331357345,1,0.318965565342355,0.29281147598341,0.597573845187177,0.267857822974643,0.319290592268302,0.315040827869865
"moral_frame",0.195287759569314,0.318965565342355,1,0.128262329879298,0.338770755341364,0.433699166195019,0.397493952620693,0.369688409257739
"scientific_frame",0.419592033985978,0.29281147598341,0.128262329879298,1,0.0903546353719962,0.116607505040153,0.248211718462583,0.15750273478428
"economic_frame",0.0920499288318047,0.597573845187177,0.338770755341364,0.0903546353719962,1,0.278794588465529,0.272898798501546,0.265005648316374
"lifestyle_frame",0.218841944245736,0.267857822974643,0.433699166195019,0.116607505040153,0.278794588465529,1,0.292886912223462,0.52114204331256
"technology_frame",0.185447231229,0.319290592268302,0.397493952620693,0.248211718462583,0.272898798501546,0.292886912223462,1,0.271298121166143
"social_frame",0.158201775414022,0.315040827869865,0.369688409257739,0.15750273478428,0.265005648316374,0.52114204331256,0.271298121166143,1
